{"cross_sim":[["fixating",0.7973577976226807],["fixation",0.7619007229804993],["fixation-like",0.7120651602745056],["mitigating",0.6976456046104431],["defixating",0.6864487528800964],["overcoming",0.6560351848602295],["defixation",0.64863520860672],["mitigation",0.6338489651679993],["nonfixation",0.6326313614845276],["fixation-related",0.6323243379592896]],"self_rank":1,"self_sim":0.7619007229804993,"src_sim":[["defixation",0.8448255062103271],["fixations",0.8351266384124756],["nonfixation",0.823211133480072],["fixating",0.7390733361244202],["mitigation",0.6883112192153931],["fixated",0.6782208681106567],["fixate",0.6607794761657715],["perturbation",0.6107737421989441],["no-incubation",0.6085367202758789],["relaxation",0.6080047488212585]],"tgt_sim":[["fixation-like",0.882973849773407],["defixation",0.8704511523246765],["nonfixation",0.8333835005760193],["fixation-related",0.7863406538963318],["mitigation",0.7679120302200317],["fixating",0.7628230452537537],["incubation",0.7240291833877563],["fixates",0.7163988351821899],["fixate",0.7064511179924011],["no-incubation",0.6992495656013489]]}
